SID_3;Alaska;Alaska;Alaska;;;;;;;x
SID_2648;Northwest Territories Yukon;Northwest Territories Yukon;;;;;;;x
SID_13;British Columbia;Colombie britannique;British Columbia;;;;;;;x
SID_26;Alberta;Alberta;Alberta;;;;;;;x
SID_30;Saskatchewan;Saskatchewan;Saskatchewan;;;;;;;x
SID_36;Manitoba;Manitoba;Manitoba;;;;;;;x
SID_57;Ontario Ottawa;Ontario Ottawa;;;;;;;x
SID_46;Ontario;Ontario;Ontario;;;;;;;x
SID_65;Quebec;Québécois;Quebec;;;;;;;x
SID_58;Montreal;Montréal;Montreal;;;;;;;x
SID_60;Northern Quebec;Northern Quebec;;;;;;;x
SID_71;Maritimes;Maritimes;;;;;;;x
SID_74;Newfoundland;Terre-Neuve;Newfoundland;;;;;;;x
SID_76;Labrador;Labrador;;;;;;;x
SID_78;Washington;Washington;Washington;;;;;;;x
SID_81;Oregon;Oregon;Oregon;;;;;;;x
SID_86;California;Californie;California;;;;;;;x
SID_84;Silicon Valley;Silicon Valley;;;;;;;x
SID_89;West California;West California;;;;;;;x
SID_90;South California;South California;;;;;;;x
SID_96;Nevada;Nevada;;;;;;;x
SID_97;Utah;Utah;;;;;;;x
SID_100;Arizona;Arizona;Arizona;;;;;;;x
SID_104;New Mexico;Nouveau-Mexique;New Mexico;;;;;;;x
SID_106;Colorado;Colorado;Colorado;;;;;;;x
SID_110;Wyoming;Wyoming;Wyoming;;;;;;;x
SID_116;Montana;Montana;Montana;;;;;;;x
SID_91;Idaho;Idaho;Idaho;;;;;;;x
SID_129;Oklahoma;Oklahoma;Oklahoma;;;;;;;x
SID_132;Texas;Texas;Texas;;;;;;;x
SID_146;Missouri;Missouri;Missouri;;;;;;;x
SID_126;Kansas;Kansas;Kansas;;;;;;;x
SID_123;Nebraska;Nebraska;Nebraska;;;;;;;x
SID_151;Iowa;Iowa;Iowa;;;;;;;x
SID_158;Minnesota;Minnesota;Minnesota;;;;;;;x
SID_117;North Dakota;Dakota du nord;North Dakota;;;;;;;x
SID_120;South Dakota;Dakota du sud;South Dakota;;;;;;;x
SID_163;Illinois;Illinois;Illinois;;;;;;;x
SID_192;Mississippi;Mississippi;Mississippi;;;;;;;x
SID_169;Indiana;Indiana;Indiana;;;;;;;x
SID_173;Michigan;Michigan;Michigan;;;;;;;x
SID_184;Kentucky;Kentucky;Kentucky;;;;;;;x
SID_139;Louisiana;Louisiane;Louisiana;;;;;;;x
SID_195;Alabama;Alabama;Alabama;;;;;;;x
SID_199;Florida;Floride;Florida;;;;;;;x
SID_201;Georgia;Géorgie;Georgia;;;;;;;x
SID_206;South Carolina;South Carolina;;;;;;;x
SID_209;North Carolina;Caroline du nord;North Carolina;;;;;;;x
SID_213;Virginia;Virginie;Virginia;;;;;;;x
SID_220;Maryland Delaware DC;Maryland Delaware DC;;;;;;;x
SID_223;Philadelphia;Philadelphia;Philadelphia;;;;;;;x
SID_227;Pennsylvania;Pennsylvanie;Pennsylvania;;;;;;;x
SID_229;New Jersey;New Jersey;New Jersey;;;;;;;x
SID_232;New York;New York;New York;;;;;;;x
SID_243;New England;Nelle-Angleterre;New England;;;;;;;x
SID_254;Northen Ireland;Northen Ireland;;;;;;;x
SID_263;Sothern Ireland;Sothern Ireland;;;;;;;x
SID_271;Scotland;Écosse;Scotland;;;;;;;x
SID_273;Wales;Pays de Galles;Wales;;;;;;;x
SID_278;North England;North England;;;;;;;x
SID_284;Midlands;Midlands;Midlands;;;;;;;x
SID_300;South England;South England;;;;;;;x
SID_251;Greenland;Greenland;;;;;;;x
SID_252;Iceland;Islande;Iceland;;;;;;;x
SID_313;Norway;Norvège;Norway;;;;;;;x
SID_322;Svealand;Svealand;Svealand;;;;;;;x
SID_329;Götaland;Götaland;Götaland;;;;;;;x
SID_334;Scania;Scania;;;;;;;x
SID_343;Finland;Finlande;Finland;;;;;;;x
SID_346;Österbotten;Österbotten;;;;;;;x
SID_348;Åland;Åland;;;;;;;x
SID_372;Denmark;Danemark;Denmark;;;;;;;x
SID_377;Utrecht;Utrecht;Utrecht;;;;;;;x
SID_375;North Holland;North Holland;;;;;;;x
SID_376;South Holland;South Holland;;;;;;;x
SID_390;Flanders;Flandres;Flanders;;;;;;;x
SID_387;Brussels;Bruxelles;Brussels;;;;;;;x
SID_394;Wallonia;Wallonie;Wallonia;;;;;;;x
SID_425;Ile de France;Ile-de-France;Ile de France;;;;;;;x
SID_409;Alsace-Lorraine;Alsace-Lorraine;Alsace-Lorraine;;;;;;;x
SID_423;Bretagne;Bretagne;Bretagne;;;;;;;x
SID_451;Rhone;Rhône;Rhone;;;;;;;x
SID_458;Aquitaine;Aquitaine;Aquitaine;;;;;;;x
SID_472;Nice Savoie;Nice Savoie;;;;;;;x
SID_467;Provence-Occitanie;Provence-Occitanie;;;;;;;x
SID_474;Galicia;Galice;Galicia;;;;;;;x
SID_487;Castile;Castile;;;;;;;x
SID_492;Basque Country;Basque Country;;;;;;;x
SID_498;Catalonia;Catalogne;Catalonia;;;;;;;x
SID_503;Valencia;Valence;Valencia;;;;;;;x
SID_509;Andalucia;Andalucia;;;;;;;x
SID_518;North Portugal;North Portugal;;;;;;;x
SID_521;South Portugal;South Portugal;;;;;;;x
SID_528;Schleswig-Holstein;Slesvig-Holstein;Schleswig-Holstein;;;;;;;x
SID_534;Lower Saxony;Lower Saxony;;;;;;;x
SID_551;Brandenburg Mecklenburg;Brandenburg Mecklenburg;;;;;;;x
SID_559;Saxony Thuringia;Saxony Thuringia;;;;;;;x
SID_549;Berlin;Berlin;Berlin;;;;;;;x
SID_564;Hessen;Hesse;Hessen;;;;;;;x
SID_573;Saarland;Saarland;;;;;;;x
SID_397;Luxembourg;Luxembourg;Luxembourg;;;;;;;x
SID_575;North Rhine-Westphalia;North Rhine-Westphalia;;;;;;;x
SID_570;Rhineland-Palatinate;Rhineland-Palatinate;;;;;;;x
SID_578;Düsseldorf;Düsseldorf;;;;;;;x
SID_580;Ruhr;Ruhr;;;;;;;x
SID_589;BadenWurttemburg;BadenWurttemburg;;;;;;;x
SID_599;Bavaria;Bavière;Bavaria;;;;;;;x
SID_603;East Switzerland;Suisses de l'est;East Switzerland;;;;;;;x
SID_2568;South Switzerland;South Switzerland;;;;;;;x
SID_607;West Switzerland;Suisse de l'ouest;West Switzerland;;;;;;;x
SID_682;Lower Silesia West Pomerania;Lower Silesia West Pomerania;;;;;;;x
SID_685;Upper Silesia;Upper Silesia;;;;;;;x
SID_690;East Pomerania;East Pomerania;;;;;;;x
SID_693;Masuria;Masuria;;;;;;;x
SID_695;Kaliningrad;Kaliningrad;;;;;;;x
SID_699;Greater Poland;Greater Poland;;;;;;;x
SID_612;Tirol;Tyrol;Tirol;;;;;;;x
SID_616;Carinthia-Styria;Carinthia-Styria;;;;;;;x
SID_613;Upper Austria;Upper Austria;;;;;;;x
SID_619;Lower Austria;Lower Austria;;;;;;;x
SID_631;Moravia;Moravie;Moravia;;;;;;;x
SID_625;Bohemia;Bohême;Bohemia;;;;;;;x
SID_633;Slovakia;Slovaquie;Slovakia;;;;;;;x
SID_950;Carpathian Ruthenia;Carpathian Ruthenia;;;;;;;x
SID_641;Hungary;Hongrie;Hungary;;;;;;;x
SID_654;Western Transylvania;Western Transylvania;;;;;;;x
SID_2533;Eastern Transylvania;Eastern Transylvania;;;;;;;x
SID_703;Lesser Poland;Lesser Poland;;;;;;;x
SID_702;Lviv;Lviv;;;;;;;x
SID_662;Chernivtsi;Chernivtsi;;;;;;;x
SID_735;South Tirol;Tyrol du sud;South Tirol;;;;;;;x
SID_768;Slovenia;Slovénie;Slovenia;;;;;;;x
SID_771;Croatia;Croatie;Croatia;;;;;;;x
SID_793;Krajina;Krajina;;;;;;;x
SID_780;Dalmatia;Dalmatie;Dalmatia;;;;;;;x
SID_791;Vojvodina;Vojvodina;;;;;;;x
SID_2538;Backa;Backa;;;;;;;x
SID_726;North Italy;North Italy;;;;;;;x
SID_720;Piemonte;Piémont;Piemonte;;;;;;;x
SID_741;Emilia Romagna;Emilia Romagna;;;;;;;x
SID_744;Tuscany;Toscane;Tuscany;;;;;;;x
SID_749;Lazio;Lazio;Lazio;;;;;;;x
SID_754;South Italy;South Italy;;;;;;;x
SID_762;Sicily;Sicile;Sicily;;;;;;;x
SID_765;Sardinia;Sardinia;;;;;;;x
SID_473;Corscia;Corscia;;;;;;;x
SID_664;Romania;Roumanie;Romania;;;;;;;x
SID_818;Dobrudja;Dobrudja;Dobrudja;;;;;;;x
SID_676;Besserabia;Besserabia;;;;;;;x
SID_677;Transnistria;Transnistria;;;;;;;x
SID_2589;Gagauzia;Gagauzia;;;;;;;x
SID_794;Serbia;Serbie;Serbia;;;;;;;x
SID_2583;Montenegro;Monténégro;Montenegro;;;;;;;x
SID_806;Macedonia;Macedonia;;;;;;;x
SID_785;Srpska;Srpska;;;;;;;x
SID_802;Kosovo;Kosovo;;;;;;;x
SID_803;Mitrovica;Mitrovica;Mitrovica;;;;;;;x
SID_783;Bosnia;Bosnie;Bosnia;;;;;;;x
SID_788;Herzegovina;Herzegovina;;;;;;;x
SID_807;Northwestern Macedonia;Northwestern Macedonia;;;;;;;x
SID_809;Bulgaria;Bulgarie;Bulgaria;;;;;;;x
SID_830;Eastern Macedonia;Eastern Macedonia;;;;;;;x
SID_805;Southern Macedonia;Southern Macedonia;;;;;;;x
SID_834;Greece;Grèce;Greece;;;;;;;x
SID_846;Dodecanese;Dodécanèse;Dodecanese;;;;;;;x
SID_849;Albania;Albanie;Albania;;;;;;;x
SID_853;Eripidus;Eripidus;;;;;;;x
SID_855;Cyprus;Chypre;Cyprus;;;;;;;x
SID_857;North Cyprus;North Cyprus;;;;;;;x
SID_860;Thrace;Thrace;Thrace;;;;;;;x
SID_869;Izmir;Izmir;Izmir;;;;;;;x
SID_875;Antalaya;Antalaya;;;;;;;x
SID_863;Hudavendigar;Hudavendigar;Hudavendigar;;;;;;;x
SID_873;Konya;Konya;Konya;;;;;;;x
SID_876;Ankara;Ankara;Ankara;;;;;;;x
SID_882;East Turkey;East Turkey;;;;;;;x
SID_893;Diyarbakir;Diyarbakir;Diyarbakir;;;;;;;x
SID_901;Rojava;Rojava;;;;;;;x
SID_894;Adana;Adana;Adana;;;;;;;x
SID_898;Antep;Gaziantep;Antep;;;;;;;x
SID_900;Antioch;Antioche;Antioch;;;;;;;x
SID_905;Lactia;Lactia;;;;;;;x
SID_897;Aleppo;Alep;Aleppo;;;;;;;x
SID_902;Damascus;Damas;Damascus;;;;;;;x
SID_910;Transjordan;Transjordan;Transjordan;;;;;;;x
SID_915;Lebanon;Liban;Lebanon;;;;;;;x
SID_919;Israel;Israël;Israel;;;;;;;x
SID_917;Jerusalem;Jérusalem;Jerusalem;;;;;;;x
SID_920;Gaza;Gaza;Gaza;;;;;;;x
SID_918;WestBank;WestBank;;;;;;;x
SID_2687;Golan Heights;Golan Heights;;;;;;;x
SID_923;Mosul;Mossoul;Mosul;;;;;;;x
SID_925;Iraqi Kurdistan;Iraqi Kurdistan;;;;;;;x
SID_926;Baghdad;Bagdad;Baghdad;;;;;;;x
SID_932;Basra;Bassora;Basra;;;;;;;x
SID_935;Kuwait;Koweït;Kuwait;;;;;;;x
SID_1090;Georgia;Géorgie;Georgia;;;;;;;x
SID_1096;Adjara;Adjara;;;;;;;x
SID_1095;Abkhazia;Abkhazia;;;;;;;x
SID_1091;South Ossetia;South Ossetia;;;;;;;x
SID_1098;Armenia;Arménie;Armenia;;;;;;;x
SID_1106;Nagorno-Karabakh;Nagorno-Karabakh;;;;;;;x
SID_1102;Azerbaijan;Azerbaïdjan;Azerbaijan;;;;;;;x
SID_1101;Nakhichevan;Nakhitchevan;Nakhichevan;;;;;;;x
SID_1108;East Azerbadjan;East Azerbadjan;;;;;;;x
SID_1111;West Azerbadjan;West Azerbadjan;;;;;;;x
SID_1121;Irakajemi;Irakajemi;Irakajemi;;;;;;;x
SID_1117;Kurdistan;Kurdistan;;;;;;;x
SID_1127;Isfahan;Ispahan;Isfahan;;;;;;;x
SID_1132;Khuzestan; Khouzestan;Khuzestan;;;;;;;x
SID_1135;Shiraz;Shiraz;Shiraz;;;;;;;x
SID_1152;Jeddah;Jeddah;;;;;;;x
SID_1157;Riyadh;Riyadh;Riyadh;;;;;;;x
SID_1163;East Province;East Province;;;;;;;x
SID_1168;Arab Emirates;Arab Emirates;;;;;;;x
SID_1165;Qatar;Qatar;;;;;;;x
SID_1162;Bahrain;Bahreïn;Bahrain;;;;;;;x
SID_1166;Oman;Oman;Oman;;;;;;;x
SID_1412;South Yemen;South Yemen;;;;;;;x
SID_1178;Yemen;Yémen;Yemen;;;;;;;x
SID_1189;Kyrgyzstan;Kyrgyzstan;;;;;;;x
SID_1195;Uzbekistan;Uzbekistan;;;;;;;x
SID_1192;Karakalpakstan;Karakalpakstan;;;;;;;x
SID_1207;Tajikistan;Tadjikistan;Tajikistan;;;;;;;x
SID_1208;Gorno-Badakhshan;Gorno-Badakhshan;;;;;;;x
SID_1211;North Afghanistan;North Afghanistan;;;;;;;x
SID_1209;Afghanistan;Afghanistan;Afghanistan;;;;;;;x
SID_1218;Pashtunistan;Pashtunistan;;;;;;;x
SID_1225;AzadKashmir;AzadKashmir;;;;;;;x
SID_2653;Tribal Areas;Tribal Areas;;;;;;;x
SID_349;Estonia;Estonie;Estonia;;;;;;;x
SID_354;Latvia;Lettonie;Latvia;;;;;;;x
SID_361;Lithuania;Lituanie;Lithuania;;;;;;;x
SID_360;Vilnius;Vilnius;Vilnius;;;;;;;x
SID_995;East Karelia;East Karelia;;;;;;;x
SID_339;West Karelia;West Karelia;;;;;;;x
SID_982;Petsamo;Petsamo;Petsamo;;;;;;;x
SID_706;Central Poland;Central Poland;;;;;;;x
SID_936;Grodno;Grodno;Grodno;;;;;;;x
SID_718;Belarus;Biélorussie;Belarus;;;;;;;x
SID_943;Smolensk;Smolensk;Smolensk;;;;;;;x
SID_958;Kiev;Kiev;Kiev;;;;;;;x
SID_955;Podillia;Podillia;;;;;;;x
SID_964;Crimea;Crimée;Crimea;;;;;;;x
SID_968;Odessa;Odessa;Odessa;;;;;;;x
SID_980;Donetsk;Donetsk;;;;;;;x
SID_974;Dnipropetrovsk;Dnipropetrovsk;;;;;;;x
SID_979;Rostov;Rostov;Rostov;;;;;;;x
SID_998;Tver;Tver;Tver;;;;;;;x
SID_987;Komi;Komi;;;;;;;x
SID_977;Kursk;Koursk;Kursk;;;;;;;x
SID_994;St Petersburg;Saint-Pétersbourg;St Petersburg;;;;;;;x
SID_1008;Moscow;Moscou;Moscow;;;;;;;x
SID_1020;Nizhni-Novgorod;Nizhni-Novgorod;;;;;;;x
SID_1030;Tatarstan;Tatarstan;;;;;;;x
SID_1033;Chuvashia;Chuvashia;;;;;;;x
SID_1032;Mari;Mari;;;;;;;x
SID_1026;Perm;Perm;Perm;;;;;;;x
SID_1037;Saratov;Saratov;Saratov;;;;;;;x
SID_1021;Mordovia;Mordovia;;;;;;;x
SID_1025;Voronets;Voronets;Voronets;;;;;;;x
SID_1039;Stalingrad;Stalingrad;;;;;;;x
SID_1041;Kalmykia;Kalmykia;;;;;;;x
SID_1051;Adygei;Adygei;Adygei;;;;;;;x
SID_1056;Karachay-Cherkessia;Karachay-Cherkessia;;;;;;;x
SID_1052;Kabardino-Balkaria;Kabardino-Balkaria;;;;;;;x
SID_1054;NorthOssetia;NorthOssetia;;;;;;;x
SID_1053;Ingushetia;Ingushetia;;;;;;;x
SID_1055;Chechnya;Chechnya;;;;;;;x
SID_1057;Dagestan;Dagestan;;;;;;;x
SID_1064;Novosibirsk;Novosibirsk;;;;;;;x
SID_1066;Tobolsk;Tobolsk;Tobolsk;;;;;;;x
SID_1061;Tyumen;Tioumen;Tyumen;;;;;;;x
SID_1070;Yakutsk;Yakutsk;Yakutsk;;;;;;;x
SID_1074;Kamchatka;Kamchatka;Kamchatka;;;;;;;x
SID_1075;Irkutsk;Irkoutsk;Irkutsk;;;;;;;x
SID_1079;Buryatia;Buryatia;;;;;;;x
SID_1469;Tuvas;Tuvas;;;;;;;x
SID_2617;PrimorskyKrai;PrimorskyKrai;;;;;;;x
SID_1186;Kazakstan;Kazakstan;;;;;;;x
SID_1181;NorthKazakstan;NorthKazakstan;;;;;;;x
SID_986;Baikonur;Baikonur;;;;;;;x
SID_1196;Turkmenistan;Turkmenistan;;;;;;;x
SID_1077;Tomsk;Tomsk;Tomsk;;;;;;;x
SID_1068;Altai;Altai;;;;;;;x
SID_2587;Kola;Kola;Kola;;;;;;;x
SID_1048;Ekaterineburg;Ekaterineburg;;;;;;;x
SID_1059;Chelyabinsk;Tcheliabinsk;Chelyabinsk;;;;;;;x
SID_1042;Basharostan;Basharostan;;;;;;;x
SID_1254;EastBengal;EastBengal;;;;;;;x
SID_1251;WestBengal;WestBengal;;;;;;;x
SID_2644;Uttar Pradesh;Uttar Pradesh;;;;;;;x
SID_1247;Bihar;Bihar;Bihar;;;;;;;x
SID_1221;Baluchistan;Baloutchistan;Baluchistan;;;;;;;x
SID_1144;West Baluchistan;West Baluchistan;;;;;;;x
SID_1224;Kashmir;Cachemire;Kashmir;;;;;;;x
SID_1230;Islamabad;Islamabad;;;;;;;x
SID_1227;Punjab;Punjab;Punjab;;;;;;;x
SID_1233;East Punjab;East Punjab;;;;;;;x
SID_1235;Shimla;Shimla;Shimla;;;;;;;x
SID_2651;Haryana;Haryana;;;;;;;x
SID_1236;Delhi;Delhi;Delhi;;;;;;;x
SID_1245;Purvanchal;Purvanchal;;;;;;;x
SID_1242;Uttar Pradesh;Uttar Pradesh;;;;;;;x
SID_1257;Chittagong;Chittagong;Chittagong;;;;;;;x
SID_2657;South Bengal;Bengal du sud;South Bengal;;;;;;;x
SID_2680;Hilltracts;Hilltracts;;;;;;;x
SID_1252;North Bengal;Bengal du nord;North Bengal;;;;;;;x
SID_1258;Meghalaya;Meghalaya;;;;;;;x
SID_1259;Manipur;Manipur;;;;;;;x
SID_1260;Assam;Assam;Assam;;;;;;;x
SID_2566;Mizoram;Mizoram;;;;;;;x
SID_2693;Bodoland;Bodoland;;;;;;;x
SID_3278;Arunachal Pradesh;Arunachal Pradesh;;;;;;;x
SID_3279;Nagaland;Nagaland;;;;;;;x
SID_3280;Tripura;Tripura;;;;;;;x
SID_1261;Orissa;Orissa;Orissa;;;;;;;x
SID_1272;Madhya Pradesh;Madhya Pradesh;;;;;;;x
SID_1280;Chhattisgarh;Chhattisgarh;;;;;;;x
SID_1303;Goa;Goa;Goa;;;;;;;x
SID_1288;Sindh;Sindh;Sindh;;;;;;;x
SID_1268;Rajputana Rajastan;Rajputana Rajastan;;;;;;;x
SID_1283;Telangana;Telangana;;;;;;;x
SID_1286;Gulbarga;Gulbarga;Gulbarga;;;;;;;x
SID_1291;GujaratAhmedabad;GujaratAhmedabad;;;;;;;x
SID_1296;GujaratSurat;GujaratSurat;;;;;;;x
SID_1297;Maharashtra;Maharashtra;;;;;;;x
SID_2655;Thane;Thane;;;;;;;x
SID_1277;Nagpur;Nagpur;Nagpur;;;;;;;x
SID_1284;Aurangbad;Aurangbad;;;;;;;x
SID_1304;Tamil Nadu Madras;Tamil Nadu Madras;;;;;;;x
SID_1312;Pondicherry;Pondichéry;Pondicherry;;;;;;;x
SID_1311;Tamil Nadu Coimbatore;Tamil Nadu Coimbatore;;;;;;;x
SID_1305;AndhraPradesh;AndhraPradesh;;;;;;;x
SID_1314;Karnataka;Karnataka;;;;;;;x
SID_1302;Karnataka;Karnataka;;;;;;;x
SID_1319;Travancore;Travancore;Travancore;;;;;;;x
SID_1321;SriLanka;SriLanka;;;;;;;x
SID_1322;Tamil Eelam;Tamil Eelam;;;;;;;x
SID_1326;Nepal;Népal;Nepal;;;;;;;x
SID_1328;Sikkim;Sikkimien;Sikkim;;;;;;;x
SID_1334;North Burma;North Burma;;;;;;;x
SID_1330;South Burma;South Burma;;;;;;;x
SID_1345;Rakhine;Rakhine;;;;;;;x
SID_1320;Andaman Islands;Îles Andaman;Andaman Islands;;;;;;;x
SID_1342;Kachin;Kachin;Kachin;;;;;;;x
SID_1343;Mon State;Mon State;;;;;;;x
SID_2123;Comoros;Comores;Comoros;;;;;;;x
SID_2124;Mayotte;Mayotte;Mayotte;;;;;;;x
SID_2125;Mauritius;Île Maurice;Mauritius;;;;;;;x
SID_2126;Reunion;Reunion;;;;;;;x
SID_2127;Seychelles;Seychelles;Seychelles;;;;;;;x
SID_1392;Patani;Patani;;;;;;;x
SID_1355;Northen Thailand;Northen Thailand;;;;;;;x
SID_1340;Shan;Shan;Shan;;;;;;;x
SID_1338;Kayin;Kayin;;;;;;;x
SID_1357;Laos;Laos;Laos;;;;;;;x
SID_1358;Isan;Isan;;;;;;;x
SID_1364;Cambodia;Cambodge;Cambodia;;;;;;;x
SID_1369;North Vietnam;North Vietnam;;;;;;;x
SID_1380;South Vietnam;South Vietnam;;;;;;;x
SID_1386;Malacka;Malacka;;;;;;;x
SID_1387;Malaysia;Malaysia;;;;;;;x
SID_1384;Singapore;Singapour;Singapore;;;;;;;x
SID_1346;Thailand;Thailand;;;;;;;x
SID_1417;Central Java;Central Java;;;;;;;x
SID_1394;Sarwak;Sarwak;;;;;;;x
SID_1393;Brunei;Brunéien;Brunei;;;;;;;x
SID_1396;Sabah;Sabah;;;;;;;x
SID_1399;South Sumatra;South Sumatra;;;;;;;x
SID_1405;Aceh;Aceh;Aceh;;;;;;;x
SID_1406;North Sumatra;North Sumatra;;;;;;;x
SID_1402;Riau Islands;Riau Islands;;;;;;;x
SID_1413;Jakarta;Jakarta;;;;;;;x
SID_1414;Java Bekasi;Java Bekasi;;;;;;;x
SID_2620;Java Barat;Java Barat;;;;;;;x
SID_1418;Eastern Java;Eastern Java;;;;;;;x
SID_1429;Kalimatan;Kalimatan;;;;;;;x
SID_1438;Bali;Bali;Bali;;;;;;;x
SID_1446;East Timor;East Timor;;;;;;;x
SID_1451;Ambon;Ambon;Ambon;;;;;;;x
SID_1442;West Nusa Tenggara;West Nusa Tenggara;;;;;;;x
SID_1445;East Nusa Tenggara;East Nusa Tenggara;;;;;;;x
SID_1430;Sulawesi;Sulawesi;;;;;;;x
SID_1453;New Guinea;New Guinea;;;;;;;x
SID_1455;Luzón;Luzón;;;;;;;x
SID_2565;Visayas;Visayas;Visayas;;;;;;;x
SID_1463;Mindanao;Mindanao;Mindanao;;;;;;;x
SID_1065;Xikang;Xikang;;;;;;;x
SID_1072;Hsingan;Hsingan;;;;;;;x
SID_1555;Jilin;Jilin;Jilin;;;;;;;x
SID_1085;Yanbian;Yanbian;;;;;;;x
SID_2668;Guangdong;Kwangtung;Guangdong;;;;;;;x
SID_1499;Hainan;Hainan;Hainan;;;;;;;x
SID_1496;Hong Kong;Hong Kong;Hong Kong;;;;;;;x
SID_1498;Macao;Macao;Macao;;;;;;;x
SID_1617;Tianjin;Tianjin;Tianjin;;;;;;;x
SID_1612;Beijing;Beijing;Beijing;;;;;;;x
SID_1465;Mongolia;Tibet;Mongolia;;;;;;;x
SID_1477;Anhui;Anhui;;;;;;;x
SID_1479;Fengtian Liaoning;Fengtian Liaoning;;;;;;;x
SID_1481;Dalian;Dalian;;;;;;;x
SID_1482;Fujian;Fujian;Fujian;;;;;;;x
SID_1485;Taiwan;Taiwan;;;;;;;x
SID_1490;Gansu;Kansuh;Gansu;;;;;;;x
SID_1491;Ningxia;Ningxia;Ningxia;;;;;;;x
SID_1493;Guangdong;Kwangtung;Guangdong;;;;;;;x
SID_2576;South China Sea;Mer de Chine méridionale;South China Sea;;;;;;;x
SID_1504;Guangxi;Kwangsi;Guangxi;;;;;;;x
SID_1505;Guizhou;Guizhou;;;;;;;x
SID_1511;Henan;Honan;Henan;;;;;;;x
SID_1058;Ekaterineburg;Ekaterineburg;;;;;;;x
SID_1522;Hubei;Hubei;;;;;;;x
SID_1524;Hunan;Hunan;Hunan;;;;;;;x
SID_1532;Inner Mongolia;Mongolie Intérieure;Inner Mongolia;;;;;;;x
SID_1535;Left Banner;Left Banner;;;;;;;x
SID_1538;Shanghai;Shanghai;Shanghai;;;;;;;x
SID_2221;Jiangsu;Jiangsu;Jiangsu;;;;;;;x
SID_1545;Jiangxi;Jiangxi;Jiangxi;;;;;;;x
SID_1552;Heilongjiang Chahar;Heilongjiang Chahar;;;;;;;x
SID_1557;Kokonor Qinghai;Kokonor Qinghai;;;;;;;x
SID_1559;Shaanxi;Shaanxi;;;;;;;x
SID_1563;West Shandong;West Shandong;;;;;;;x
SID_1565;East Shandong;East Shandong;;;;;;;x
SID_1572;Shanxi;Shanxi;Shanxi;;;;;;;x
SID_1578;Sichuan;Sichuan;Sichuan;;;;;;;x
SID_1579;Chongqing;Chongqing;Chongqing;;;;;;;x
SID_1587;Chamdo;Chamdo;Chamdo;;;;;;;x
SID_1588;Tibet;Tibet;Tibet;;;;;;;x
SID_1329;Buthan;Buthan;;;;;;;x
SID_1593;South Tibet;South Tibet;;;;;;;x
SID_1594;Kashgar Xinjiang;Kashgar Xinjiang;;;;;;;x
SID_3281;Aksai Chin;Aksai Chin;;;;;;;x
SID_1600;Urumqui Xinjiang;Urumqui Xinjiang;;;;;;;x
SID_1595;Ili Xinjiang;Ili Xinjiang;;;;;;;x
SID_1601;Yunnan;Yunnan;Yunnan;;;;;;;x
SID_1604;Zhejiang;Zhejiang;Zhejiang;;;;;;;x
SID_18;Hebei;Hebei;;;;;;;x
SID_1616;Tangshan;Tangshan;;;;;;;x
SID_1619;Pyongyang;Pyongyang;Pyongyang;;;;;;;x
SID_1624;Seoul;Séoul;Seoul;;;;;;;x
SID_1633;Daegu;Daegu;;;;;;;x
SID_1631;Busan;Busan;Busan;;;;;;;x
SID_1642;Ezo;Ezo;;;;;;;x
SID_1638;Chugoku;Chugoku;;;;;;;x
SID_1649;Kanto;Kanto;Kanto;;;;;;;x
SID_1651;Yukohama;Yukohama;;;;;;;x
SID_1654;Okinawa;Okinawa;Okinawa;;;;;;;x
SID_1657;Kansai Kyoto;Kansai Kyoto;;;;;;;x
SID_1655;Kansai Osaka;Kansai Osaka;;;;;;;x
SID_1660;Kyushu;Kyushu;Kyushu;;;;;;;x
SID_1659;Shikoku Kobe;Shikoku Kobe;;;;;;;x
SID_1668;Tohoku;Tohoku;Tohoku;;;;;;;x
SID_1675;Chubu;Chubu;Chubu;;;;;;;x
SID_1774;West Sahara;West Sahara;;;;;;;x
SID_1773;Sahrawi;Sahrawi;;;;;;;x
SID_1691;Morocco;Maroc;Morocco;;;;;;;x
SID_1680;Fez;Fez;Fez;;;;;;;x
SID_1687;al Rif;al Rif;al Rif;;;;;;;x
SID_1689;Melilla;Melilla;Melilla;;;;;;;x
SID_1700;Algiers;Alger;Algiers;;;;;;;x
SID_1704;Oran;Oran;Oran;;;;;;;x
SID_1708;Constantine;Constantine;Constantine;;;;;;;x
SID_1713;Interior Algeria;Interior Algeria;;;;;;;x
SID_1725;Tunisia;Tunisie;Tunisia;;;;;;;x
SID_1731;Tripolitania;Tripolitania;;;;;;;x
SID_1735;Cyrenaica;Cyrenaica;;;;;;;x
SID_1744;Fezzan;Fezzan;;;;;;;x
SID_1745;Cairo;Cairo;Cairo;;;;;;;x
SID_1769;Luxor;Louxor;Luxor;;;;;;;x
SID_1751;Alexandria;Alexandrie;Alexandria;;;;;;;x
SID_1756;Sinai;Sinai;Sinai;;;;;;;x
SID_1755;Suez;Canal de Suez;Suez;;;;;;;x
SID_1808;Niger;Niger;Niger;;;;;;;x
SID_1818;Chad;Tchad;Chad;;;;;;;x
SID_1827;Sudan;Soudan;Sudan;;;;;;;x
SID_1834;Halaib;Halaib;Halaib;;;;;;;x
SID_1842;Darfur;Darfour;Darfur;;;;;;;x
SID_1839;BlueNile;BlueNile;;;;;;;x
SID_1852;Amhara Gumuz;Amhara Gumuz;;;;;;;x
SID_1856;Tigray Afar;Tigray Afar;;;;;;;x
SID_1860;SNNPR;SNNPR;;;;;;;x
SID_1859;Oromia;Oromia;Oromia;;;;;;;x
SID_1865;Somali;Somali;Somali;;;;;;;x
SID_1848;Eritrea;L'Érythrée;Eritrea;;;;;;;x
SID_1868;Somalia;Somalia;;;;;;;x
SID_1872;Puntaland;Puntaland;;;;;;;x
SID_1873;Somaliland;Somalie;Somaliland;;;;;;;x
SID_1875;Djibuti;Djibouti;Djibuti;;;;;;;x
SID_2024;Kenya;Kenya;Kenya;;;;;;;x
SID_2029;Mombasa;Mombasa;Mombasa;;;;;;;x
SID_2031;South Somalia;South Somalia;;;;;;;x
SID_2028;Rift Valley;Vallée du Rift;Rift Valley;;;;;;;x
SID_2048;Zanzibar;Zanzibar;Zanzibar;;;;;;;x
SID_2036;Tanganyika;Tanzanie;Tanganyika;;;;;;;x
SID_2044;Mwanza;Mwanza;Mwanza;;;;;;;x
SID_1775;Mauritania;Mauritania;;;;;;;x
SID_1783;Senegal;Sénégal;Senegal;;;;;;;x
SID_1792;Casamance;Casamance;;;;;;;x
SID_1785;Gambia;Gambie;Gambia;;;;;;;x
SID_1794;Mali;Mali;;;;;;;x
SID_1803;Timbuktu;Tombouctou;Timbuktu;;;;;;;x
SID_1884;Sierra Leone;Sierra Leone;Sierra Leone;;;;;;;x
SID_1879;Guinea;Guinée;Guinea;;;;;;;x
SID_1877;Guinea-Bissau;Guinea-Bissau;;;;;;;x
SID_1887;Liberia;Libéria;Liberia;;;;;;;x
SID_1892;North Ivory Coast;North Ivory Coast;;;;;;;x
SID_1895;South IvoryCoast;South IvoryCoast;;;;;;;x
SID_1901;Upper Volta;Upper Volta;;;;;;;x
SID_1907;Ghana;Ghana;Ghana;;;;;;;x
SID_1910;Ashanti;Ashanti;;;;;;;x
SID_1913;North Ghana;North Ghana;;;;;;;x
SID_1914;Togo;Togo;Togo;;;;;;;x
SID_1915;Togoland;Togoland;;;;;;;x
SID_1919;Benin;Bénin;Benin;;;;;;;x
SID_1923;Yoruba;Yoruba;Yoruba;;;;;;;x
SID_1925;Oyo;Oyo;;;;;;;x
SID_1941;Central Nigeria;Central Nigeria;;;;;;;x
SID_1928;Benin;Bénin;Benin;;;;;;;x
SID_1934;Biafra;Biafra;;;;;;;x
SID_1945;North Nigeria;North Nigeria;;;;;;;x
SID_1954;São Tomé;São Tomé;;;;;;;x
SID_1955;Equatorial Guinea;Equatorial Guinea;;;;;;;x
SID_1959;Cameroon;Cameroon;;;;;;;x
SID_1963;North Cameroon;Nord du Cameroun;North Cameroon;;;;;;;x
SID_1957;Ambazonia;Ambazonia;;;;;;;x
SID_1965;Central Africa;Central Africa;;;;;;;x
SID_1971;Seleka;Seleka;;;;;;;x
SID_1972;Gabon;Gabon;Gabon;;;;;;;x
SID_1977;Congo;Congo;Congo;;;;;;;x
SID_1982;Kinshasa;Kinshasa;Kinshasa;;;;;;;x
SID_1986;South Kasai;South Kasai;;;;;;;x
SID_1987;Katanga;Katanga;Katanga;;;;;;;x
SID_1992;Kisangani;Kisangani;Kisangani;;;;;;;x
SID_1997;Ituri;Ituri;;;;;;;x
SID_1991;Kivu;Kivu;;;;;;;x
SID_2012;Zambia;Zambie;Zambia;;;;;;;x
SID_2013;Barotseland;Barotseland;;;;;;;x
SID_2019;Uganda;Ouganda;Uganda;;;;;;;x
SID_2034;Rwanda;Rwanda;;;;;;;x
SID_2035;Burundi;Burundi;;;;;;;x
SID_1999;North Angola;Nord de l’Angola;North Angola;;;;;;;x
SID_2008;North Ovamboland;North Ovamboland;;;;;;;x
SID_2000;Cambinda;Cambinda;;;;;;;x
SID_2006;East Angola;Est de l’Angola;East Angola;;;;;;;x
SID_2049;Maputo;Maputo;Maputo;;;;;;;x
SID_2063;Niassa;Niassa;;;;;;;x
SID_2059;Zambezia;Zambezia;Zambezia;;;;;;;x
SID_2107;North West;North West;;;;;;;x
SID_2067;Malawi;Malawi;;;;;;;x
SID_2068;Mashonaland;Mashonaland;;;;;;;x
SID_2071;Matabeleland;Matabeleland;;;;;;;x
SID_2074;Botswana;Botswana;Botswana;;;;;;;x
SID_2078;Hereroland;Hereroland;Hereroland;;;;;;;x
SID_2080;Owamboland;Owamboland;;;;;;;x
SID_2087;Cape;Cape;;;;;;;x
SID_2096;Eastern Cape;Cap oriental;Eastern Cape;;;;;;;x
SID_2672;Transkei;Transkei;;;;;;;x
SID_2100;Ciskei;Ciskei;;;;;;;x
SID_2103;Vrystaat;Vrystaat;Vrystaat;;;;;;;x
SID_2665;Qwa Qwa;Qwa Qwa;;;;;;;x
SID_2106;Guateng;Guateng;;;;;;;x
SID_2109;Mpumalanga;Mpumalanga;;;;;;;x
SID_2114;Swaziland;Swaziland;;;;;;;x
SID_2619;KaNgwane;KaNgwane;;;;;;;x
SID_2667;Gazankulu;Gazankulu;;;;;;;x
SID_2652;Venda;Venda;;;;;;;x
SID_2647;Polokwane;Polokwane;;;;;;;x
SID_2643;KwaNdebele;KwaNdebele;;;;;;;x
SID_2649;Bophuthatswana;Bophuthatswana;;;;;;;x
SID_2113;Zululand;Zululand;;;;;;;x
SID_2111;Natal;Natal;Natal;;;;;;;x
SID_2104;Lesotho;Lesotho;;;;;;;x
SID_2115;Madagascar;Madagascar;Madagascar;;;;;;;x
SID_2139;Baja California;Baja California;;;;;;;x
SID_2143;Chihuahua Sonora;Chihuahua Sonora;;;;;;;x
SID_2146;Nuevo León Tamaulipas.;Nuevo León Tamaulipas.;;;;;;;x
SID_2153;Durango Sinaloa;Durango Sinaloa;;;;;;;x
SID_2155;Coahuila;Coahuila;;;;;;;x
SID_2183;Yucatan;Yucatan;;;;;;;x
SID_2176;Puebla;Puebla;Puebla;;;;;;;x
SID_38;Mexico City;Mexico;Mexico City;;;;;;;x
SID_2172;Morelos;Morelos;Morelos;;;;;;;x
SID_2174;Toluca;Toluca;Toluca;;;;;;;x
SID_2170;West;West;;;;;;;x
SID_2167;North-Cental;North-Cental;;;;;;;x
SID_2186;Guatemala;Guatemala;Guatemala;;;;;;;x
SID_2191;El Salvador;Salvador;El Salvador;;;;;;;x
SID_2193;Honduras;Honduras;Honduras;;;;;;;x
SID_2196;Puerto Lampira;Puerto Lampira;;;;;;;x
SID_2197;Nicaragua;Nicaragua;Nicaragua;;;;;;;x
SID_2200;Mosquito;Mosquito;;;;;;;x
SID_2201;CostaRica;CostaRica;;;;;;;x
SID_1723;Panama Canal;Canal de Panama ;Panama Canal;;;;;;;x
SID_2204;Panama;Panama;Panama;;;;;;;x
SID_2209;Cuba;Cuba;Cuba;;;;;;;x
SID_2213;Haiti;Haïti;Haiti;;;;;;;x
SID_2214;Dominican;Dominicain;Dominican;;;;;;;x
SID_203;Bermuda;Bermuda;Bermuda;;;;;;;x
SID_2218;Cayman Islands;Îles Caïman;Cayman Islands;;;;;;;x
SID_2217;Jamaica;Jamaïque;Jamaica;;;;;;;x
SID_2219;Bahamas;Bahamas;Bahamas;;;;;;;x
SID_2220;Tuks and Ciacos;Tuks and Ciacos;;;;;;;x
SID_2222;Puerto Rico;Puerto Rico;Puerto Rico;;;;;;;x
SID_2223;Saint Thomas;Saint Thomas;Saint Thomas;;;;;;;x
SID_2224;Antigua and Barbuda;Antigua and Barbuda;;;;;;;x
SID_2225;Monserrat;Monserrat;;;;;;;x
SID_2226;Virgin Islands;Virgin Islands;;;;;;;x
SID_2227;SaintKitts;SaintKitts;;;;;;;x
SID_2236;Saint Martin;Saint-Martin;Saint Martin;;;;;;;x
SID_2228;Martinique;Martinique;Martinique;;;;;;;x
SID_2231;Saint Lucia;Sainte-Lucie;Saint Lucia;;;;;;;x
SID_2232;Dominica;Dominique;Dominica;;;;;;;x
SID_2229;Barbados;La Barbade;Barbados;;;;;;;x
SID_2409;Saint Vincent and Grenadines;Saint Vincent and Grenadines;;;;;;;x
SID_2233;Grenada;Grenadie;Grenada;;;;;;;x
SID_2237;Trinidad and Tobago;Trinidad and Tobago;;;;;;;x
SID_2234;Leeward Antilles;Leeward Antilles;;;;;;;x
SID_2235;Aruba;Aruba;Aruba;;;;;;;x
SID_2243;Essequibo;Essequibo;Essequibo;;;;;;;x
SID_2239;Guayana;Guayana;Guayana;;;;;;;x
SID_2240;Suriname;Suriname;;;;;;;x
SID_2241;Guayana Cayenne;Guayana Cayenne;;;;;;;x
SID_2275;Guyana;Guyana;;;;;;;x
SID_2270;Zulia;Zulia;Zulia;;;;;;;x
SID_2268;Central Venezuela;Central Venezuela;;;;;;;x
SID_2264;Eastern Venezuela;Eastern Venezuela;;;;;;;x
SID_2252;Medelin;Medelin;;;;;;;x
SID_2247;Bogotá;Bogotá;;;;;;;x
SID_2260;Amazonas;Amazone;Amazonas;;;;;;;x
SID_2256;Cali;Cali;Cali;;;;;;;x
SID_2279;Ecuador;Equateur;Ecuador;;;;;;;x
SID_2289;Marañón;Marañón;;;;;;;x
SID_2426;Piauí;Piauí;;;;;;;x
SID_2292;Trujillo;Trujillo;Trujillo;;;;;;;x
SID_2304;Arequipa;Arequipa;Arequipa;;;;;;;x
SID_2295;Lima;Lima;Lima;;;;;;;x
SID_2316;Santa Cruz;Santa Cruz;Santa Cruz;;;;;;;x
SID_2310;La Paz;La Paz;La Paz;;;;;;;x
SID_2339;Parguay;Parguay;;;;;;;x
SID_2344;Uruguay;Uruguay;Uruguay;;;;;;;x
SID_2450;São Paulo;São Paulo;São Paulo;;;;;;;x
SID_2452;São Paulo Campinas;São Paulo Campinas;;;;;;;x
SID_2402;Amazonas;Amazone;Amazonas;;;;;;;x
SID_2532;Roraima;Roraima;;;;;;;x
SID_2549;Acre;Acre;Acre;;;;;;;x
SID_2410;Pará;Pará;Pará;;;;;;;x
SID_2424;Maranhão;Maranhão;Maranhão;;;;;;;x
SID_2429;Ceará;Ceará;;;;;;;x
SID_2421;Brasilia;Brasilia;;;;;;;x
SID_2418;Mato Grosso;Mato Grosso;Mato Grosso;;;;;;;x
SID_2550;Rondônia;Rondônia;;;;;;;x
SID_2414;Amapá;Amapá;;;;;;;x
SID_2422;Goiás;Goiás;;;;;;;x
SID_2416;Mato Grosso do Sul;Mato Grosso do Sul;;;;;;;x
SID_2432;Pernambuco;Pernambouc;Pernambuco;;;;;;;x
SID_2434;Alagoas Sergipe;Alagoas Sergipe;;;;;;;x
SID_2431;Rio Grande do Norte;Rio Grande do Norte;Rio Grande do Norte;;;;;;;x
SID_2436;Bahia;Bahia;Bahia;;;;;;;x
SID_2442;Minas Gerais;Minas Gerais;Minas Gerais;;;;;;;x
SID_2447;Rio de Janeiro;Rio de Janeiro;Rio de Janeiro;;;;;;;x
SID_2449;Espírito Santo;Espírito Santo;;;;;;;x
SID_2457;Paraná;Paraná;Paraná;;;;;;;x
SID_2461;Santa Catarina;Santa Catarina;;;;;;;x
SID_2463;Rio Grande do Sul;Rio Grande do Sul;Rio Grande do Sul;;;;;;;x
SID_2308;Arica;Arica;Arica;;;;;;;x
SID_2305;Antofagasta;Antofagasta;Antofagasta;;;;;;;x
SID_2132;Atlantic Islands;Atlantic Islands;;;;;;;x
SID_2131;Falkland Islands;Malouines;Falkland Islands;;;;;;;x
SID_2324;Chile;Chili;Chile;;;;;;;x
SID_2334;Patagonia;Patagonia;;;;;;;x
SID_2336;Easter Island;Île de Pâques;Easter Island;;;;;;;x
SID_2348;Buenos Aires;Buenos Aires;Buenos Aires;;;;;;;x
SID_2363;Mesopotamia;Mesopotamia;;;;;;;x
SID_2366;Gran Chaco;Gran Chaco;;;;;;;x
SID_2379;La Pampa;Pampa;La Pampa;;;;;;;x
SID_2389;Cuyo;Cuyo;;;;;;;x
SID_2373;Argentine Northwest;Argentine Northwest;;;;;;;x
SID_2392;Patagonia;Patagonia;;;;;;;x
SID_2468;South Wales;South Wales;;;;;;;x
SID_2476;Victoria;Victoria;Victoria;;;;;;;x
SID_2483;Queensland;Queensland;Queensland;;;;;;;x
SID_2491;South Australia;Australie du sud;South Australia;;;;;;;x
SID_2497;Western Australia;Australie occidentale;Western Australia;;;;;;;x
SID_2509;North Island;Île du nord;North Island;;;;;;;x
SID_2512;South Island;Île du sud;South Island;;;;;;;x
SID_2244;Cocos Islands;Îles Cocos ;Cocos Islands;;;;;;;x
SID_610;Micronesia;Micronésie;Micronesia;;;;;;;x
SID_2518;Palau;Palau;Palau;;;;;;;x
SID_2524;Marshall Islands;Îles Marshall;Marshall Islands;;;;;;;x
SID_658;Hawaiian Islands;Îles d'Hawaï;Hawaiian Islands;;;;;;;x
SID_2527;Kiribati;Kiribati;Kiribati;;;;;;;x
SID_2541;Tuvalu;Tuvalu;;;;;;;x
SID_2542;Wallis and Futuna;Wallis-et-Futuna;Wallis and Futuna;;;;;;;x
SID_2454;Fiji;Fidji;Fiji;;;;;;;x
SID_2523;Nauru;Nauru;Nauru;;;;;;;x
SID_2517;Guam;Guam;Guam;;;;;;;x
SID_2521;Mariana Islands;Mariana Islands;;;;;;;x
SID_2528;New Guina;New Guina;;;;;;;x
SID_2539;Bougainville;Bougainville;Bougainville;;;;;;;x
SID_2534;Solomon Islands;Îles Salomon;Solomon Islands;;;;;;;x
SID_1097;New Caledonia;Nouvelle-Calédonie;New Caledonia;;;;;;;x
SID_2535;Vanuatu;Vanuatu;Vanuatu;;;;;;;x
SID_2540;Tonga;Tonga;Tonga;;;;;;;x
SID_2546;Cook Islands;Cook Islands;;;;;;;x
SID_2543;West Samoa;West Samoa;;;;;;;x
SID_2544;East Samoa;East Samoa;;;;;;;x
SID_2547;Tokelau;Tokelau;Tokelau;;;;;;;x
SID_801;Tahiti;Tahiti;Tahiti;;;;;;;x
SID_2552;Pitcairn Islands;Pitcairn Islands;;;;;;;x
SID_736;Trieste;Trieste;Trieste;;;;;;;x
SID_770;Istria;Istrie;Istria;;;;;;;x
SID_69;Acadia;Acadia;;;;;;;x
SID_159;Wisconsin;Wisconsin;Wisconsin;;;;;;;x
SID_182;Ohio;Ohio;Ohio;;;;;;;x
SID_189;Tennessee;Tennessee;Tennessee;;;;;;;x
SID_143;Arkansas;Arkansas;Arkansas;;;;;;;x
SID_2179;Chiapas;Chiapas;;;;;;;x
SID_1462;Muslim Mindanao;Muslim Mindanao;;;;;;;x
SID_1086;North Sakhalin;North Sakhalin;;;;;;;x
SID_1087;South Sakhalin;South Sakhalin;;;;;;;x
SID_1088;Kurils;Kurils;;;;;;;x
SID_1147;Khorasan East Persia;Khorasan East Persia;;;;;;;x
SID_1876;Cap Verde;Cap Verde;;;;;;;x
SID_2134;Azores;Açores;Azores;;;;;;;x
SID_2135;Madeira;Madère;Madeira;;;;;;;x
SID_2136;Canary Islands;Îles Canaries;Canary Islands;;;;;;;x
SID_304;Isle of Man;Île de Man;Isle of Man;;;;;;;x
SID_419;Channel Islands;Îles Anglo-Normandes;Channel Islands;;;;;;;x
SID_253;Faroe Islands;Îles Féroé;Faroe Islands;;;;;;;x
SID_854;Malta;Malte;Malta;;;;;;;x
SID_1325;Maldives;Maldives;Maldives;;;;;;;x
SID_2128;Diego Garcia;Diego Garcia;Diego Garcia;;;;;;;x
SID_464;Perpignan;Perpignan;Perpignan;;;;;;;x
SID_3282;Senkaku/Diaoyu;Senkaku/Diaoyu;;;;;;;x
